mol_id,topology,n_nodes,n_edges,min_idx,max_idx,is_contiguous,exceeds_bounds,max_expected
0,cyclic,92,91,0,91,True,False,91
1,linear,92,91,0,91,True,False,91
2,dendrimer,97,96,0,96,True,False,96
3,dendrimer,90,89,0,89,True,False,89
4,dendrimer,91,90,0,90,True,False,90
5,dendrimer,94,93,0,93,True,False,93
6,branch,96,95,0,95,True,False,95
7,branch,92,91,0,91,True,False,91
8,branch,94,93,0,93,True,False,93
9,dendrimer,95,94,0,94,True,False,94
10,branch,95,94,0,94,True,False,94
11,dendrimer,96,95,0,95,True,False,95
12,dendrimer,93,92,0,92,True,False,92
13,branch,96,95,0,95,True,False,95
14,dendrimer,95,94,0,94,True,False,94
15,branch,92,91,0,91,True,False,91
16,dendrimer,93,92,0,92,True,False,92
17,branch,93,92,0,92,True,False,92
18,branch,98,97,0,97,True,False,97
19,dendrimer,93,92,0,92,True,False,92
20,dendrimer,99,98,0,98,True,False,98
21,branch,91,90,0,90,True,False,90
22,dendrimer,90,89,0,89,True,False,89
23,branch,100,99,0,99,True,False,99
24,dendrimer,91,90,0,90,True,False,90
25,branch,95,94,0,94,True,False,94
26,dendrimer,92,91,0,91,True,False,91
27,branch,99,98,0,98,True,False,98
28,dendrimer,100,99,0,99,True,False,99
29,branch,92,91,0,91,True,False,91
30,dendrimer,91,90,0,90,True,False,90
31,dendrimer,95,94,0,94,True,False,94
32,branch,95,94,0,94,True,False,94
33,dendrimer,97,96,0,96,True,False,96
34,dendrimer,93,92,0,92,True,False,92
35,branch,99,98,0,98,True,False,98
36,dendrimer,95,94,0,94,True,False,94
37,branch,99,98,0,98,True,False,98
38,linear,95,94,0,94,True,False,94
39,dendrimer,90,89,0,89,True,False,89
40,dendrimer,93,92,0,92,True,False,92
41,branch,92,91,0,91,True,False,91
42,dendrimer,91,90,0,90,True,False,90
43,dendrimer,100,99,0,99,True,False,99
44,dendrimer,96,95,0,95,True,False,95
45,dendrimer,93,92,0,92,True,False,92
46,linear,94,93,0,93,True,False,93
47,star,94,93,0,93,True,False,93
48,star,93,92,0,92,True,False,92
49,dendrimer,97,96,0,96,True,False,96
50,comb,95,94,0,94,True,False,94
51,comb,93,92,0,92,True,False,92
52,comb,91,90,0,90,True,False,90
53,branch,95,94,0,94,True,False,94
54,branch,91,90,0,90,True,False,90
55,comb,90,89,0,89,True,False,89
56,comb,95,94,0,94,True,False,94
57,dendrimer,97,96,0,96,True,False,96
58,dendrimer,93,92,0,92,True,False,92
59,branch,90,89,0,89,True,False,89
60,branch,92,91,0,91,True,False,91
61,comb,99,98,0,98,True,False,98
62,comb,90,89,0,89,True,False,89
63,star,96,95,0,95,True,False,95
64,star,93,92,0,92,True,False,92
65,star,96,95,0,95,True,False,95
66,branch,100,99,0,99,True,False,99
67,comb,92,91,0,91,True,False,91
68,star,90,89,0,89,True,False,89
69,branch,92,91,0,91,True,False,91
70,star,96,95,0,95,True,False,95
71,branch,94,93,0,93,True,False,93
72,star,91,90,0,90,True,False,90
73,comb,97,96,0,96,True,False,96
74,branch,98,97,0,97,True,False,97
75,dendrimer,94,93,0,93,True,False,93
76,comb,93,92,0,92,True,False,92
77,comb,97,96,0,96,True,False,96
78,star,95,94,0,94,True,False,94
79,star,93,92,0,92,True,False,92
80,comb,93,92,0,92,True,False,92
81,dendrimer,91,90,0,90,True,False,90
82,comb,94,93,0,93,True,False,93
83,star,90,89,0,89,True,False,89
84,comb,98,97,0,97,True,False,97
85,branch,92,91,0,91,True,False,91
86,star,97,96,0,96,True,False,96
87,comb,91,90,0,90,True,False,90
88,branch,94,93,0,93,True,False,93
89,comb,91,90,0,90,True,False,90
90,comb,93,92,0,92,True,False,92
91,star,95,94,0,94,True,False,94
92,dendrimer,90,89,0,89,True,False,89
93,comb,96,95,0,95,True,False,95
94,comb,93,92,0,92,True,False,92
95,branch,90,89,0,89,True,False,89
96,star,94,93,0,93,True,False,93
97,branch,100,99,0,99,True,False,99
98,star,91,90,0,90,True,False,90
99,branch,98,97,0,97,True,False,97
100,star,93,92,0,92,True,False,92
101,comb,94,93,0,93,True,False,93
102,star,96,95,0,95,True,False,95
103,branch,92,91,0,91,True,False,91
104,comb,98,97,0,97,True,False,97
105,comb,99,98,0,98,True,False,98
106,comb,90,89,0,89,True,False,89
107,comb,92,91,0,91,True,False,91
108,star,99,98,0,98,True,False,98
109,star,93,92,0,92,True,False,92
110,dendrimer,90,89,0,89,True,False,89
111,dendrimer,98,97,0,97,True,False,97
112,comb,100,99,0,99,True,False,99
113,branch,98,97,0,97,True,False,97
114,comb,92,91,0,91,True,False,91
115,dendrimer,90,89,0,89,True,False,89
116,star,93,92,0,92,True,False,92
117,dendrimer,94,93,0,93,True,False,93
118,star,91,90,0,90,True,False,90
119,star,93,92,0,92,True,False,92
120,star,93,92,0,92,True,False,92
121,comb,94,93,0,93,True,False,93
122,branch,92,91,0,91,True,False,91
123,comb,96,95,0,95,True,False,95
124,comb,91,90,0,90,True,False,90
125,comb,90,89,0,89,True,False,89
126,branch,92,91,0,91,True,False,91
127,dendrimer,90,89,0,89,True,False,89
128,dendrimer,92,91,0,91,True,False,91
129,branch,93,92,0,92,True,False,92
130,star,96,95,0,95,True,False,95
131,star,96,95,0,95,True,False,95
132,star,90,89,0,89,True,False,89
133,star,98,97,0,97,True,False,97
134,dendrimer,93,92,0,92,True,False,92
135,branch,91,90,0,90,True,False,90
136,star,93,92,0,92,True,False,92
137,comb,95,94,0,94,True,False,94
138,star,92,91,0,91,True,False,91
139,star,90,89,0,89,True,False,89
140,branch,92,91,0,91,True,False,91
141,comb,95,94,0,94,True,False,94
142,star,93,92,0,92,True,False,92
143,star,94,93,0,93,True,False,93
144,star,93,92,0,92,True,False,92
145,star,97,96,0,96,True,False,96
146,comb,92,91,0,91,True,False,91
147,comb,93,92,0,92,True,False,92
148,dendrimer,98,97,0,97,True,False,97
149,star,91,90,0,90,True,False,90
150,star,93,92,0,92,True,False,92
151,comb,97,96,0,96,True,False,96
152,comb,91,90,0,90,True,False,90
153,dendrimer,97,96,0,96,True,False,96
154,star,99,98,0,98,True,False,98
155,dendrimer,91,90,0,90,True,False,90
156,comb,96,95,0,95,True,False,95
157,comb,92,91,0,91,True,False,91
158,star,95,94,0,94,True,False,94
159,branch,91,90,0,90,True,False,90
160,branch,91,90,0,90,True,False,90
161,star,95,94,0,94,True,False,94
162,linear,91,90,0,90,True,False,90
163,star,91,90,0,90,True,False,90
164,branch,99,98,0,98,True,False,98
165,star,91,90,0,90,True,False,90
166,branch,98,97,0,97,True,False,97
167,comb,92,91,0,91,True,False,91
168,branch,94,93,0,93,True,False,93
169,star,90,89,0,89,True,False,89
170,branch,95,94,0,94,True,False,94
171,dendrimer,95,94,0,94,True,False,94
172,star,95,94,0,94,True,False,94
173,star,90,89,0,89,True,False,89
174,dendrimer,93,92,0,92,True,False,92
175,branch,93,92,0,92,True,False,92
176,branch,98,97,0,97,True,False,97
177,star,93,92,0,92,True,False,92
178,dendrimer,92,91,0,91,True,False,91
179,star,99,98,0,98,True,False,98
180,dendrimer,100,99,0,99,True,False,99
181,branch,95,94,0,94,True,False,94
182,dendrimer,98,97,0,97,True,False,97
183,comb,90,89,0,89,True,False,89
184,star,97,96,0,96,True,False,96
185,star,95,94,0,94,True,False,94
186,cyclic,92,91,0,91,True,False,91
187,comb,98,97,0,97,True,False,97
188,branch,91,90,0,90,True,False,90
189,branch,91,90,0,90,True,False,90
190,comb,92,91,0,91,True,False,91
191,branch,95,94,0,94,True,False,94
192,star,98,97,0,97,True,False,97
193,dendrimer,99,98,0,98,True,False,98
194,star,97,96,0,96,True,False,96
195,branch,100,99,0,99,True,False,99
196,star,93,92,0,92,True,False,92
197,dendrimer,97,96,0,96,True,False,96
198,dendrimer,95,94,0,94,True,False,94
199,branch,93,92,0,92,True,False,92
200,star,90,89,0,89,True,False,89
201,star,95,94,0,94,True,False,94
202,star,97,96,0,96,True,False,96
203,star,90,89,0,89,True,False,89
204,comb,97,96,0,96,True,False,96
205,dendrimer,99,98,0,98,True,False,98
206,comb,96,95,0,95,True,False,95
207,branch,97,96,0,96,True,False,96
208,branch,93,92,0,92,True,False,92
209,branch,93,92,0,92,True,False,92
210,branch,94,93,0,93,True,False,93
211,comb,96,95,0,95,True,False,95
212,dendrimer,99,98,0,98,True,False,98
213,branch,90,89,0,89,True,False,89
214,comb,98,97,0,97,True,False,97
215,star,91,90,0,90,True,False,90
216,comb,93,92,0,92,True,False,92
217,star,91,90,0,90,True,False,90
218,branch,92,91,0,91,True,False,91
219,branch,96,95,0,95,True,False,95
220,star,99,98,0,98,True,False,98
221,branch,90,89,0,89,True,False,89
222,dendrimer,94,93,0,93,True,False,93
223,branch,100,99,0,99,True,False,99
224,star,96,95,0,95,True,False,95
225,comb,95,94,0,94,True,False,94
226,branch,91,90,0,90,True,False,90
227,linear,90,89,0,89,True,False,89
228,comb,99,98,0,98,True,False,98
229,branch,94,93,0,93,True,False,93
230,star,94,93,0,93,True,False,93
231,branch,91,90,0,90,True,False,90
232,dendrimer,95,94,0,94,True,False,94
233,branch,90,89,0,89,True,False,89
234,branch,95,94,0,94,True,False,94
235,comb,100,99,0,99,True,False,99
236,comb,96,95,0,95,True,False,95
237,branch,98,97,0,97,True,False,97
238,branch,95,94,0,94,True,False,94
239,comb,96,95,0,95,True,False,95
240,star,90,89,0,89,True,False,89
241,comb,92,91,0,91,True,False,91
242,comb,95,94,0,94,True,False,94
243,dendrimer,91,90,0,90,True,False,90
244,dendrimer,93,92,0,92,True,False,92
245,dendrimer,95,94,0,94,True,False,94
246,branch,90,89,0,89,True,False,89
247,comb,91,90,0,90,True,False,90
248,branch,95,94,0,94,True,False,94
249,comb,99,98,0,98,True,False,98
250,branch,96,95,0,95,True,False,95
251,star,95,94,0,94,True,False,94
252,comb,94,93,0,93,True,False,93
253,star,92,91,0,91,True,False,91
254,star,96,95,0,95,True,False,95
255,dendrimer,94,93,0,93,True,False,93
256,dendrimer,91,90,0,90,True,False,90
257,star,94,93,0,93,True,False,93
258,dendrimer,97,96,0,96,True,False,96
259,branch,94,93,0,93,True,False,93
260,branch,95,94,0,94,True,False,94
261,dendrimer,93,92,0,92,True,False,92
262,branch,100,99,0,99,True,False,99
263,branch,95,94,0,94,True,False,94
264,dendrimer,96,95,0,95,True,False,95
265,star,90,89,0,89,True,False,89
266,dendrimer,95,94,0,94,True,False,94
267,dendrimer,93,92,0,92,True,False,92
268,star,93,92,0,92,True,False,92
269,dendrimer,91,90,0,90,True,False,90
270,star,93,92,0,92,True,False,92
271,dendrimer,92,91,0,91,True,False,91
272,comb,99,98,0,98,True,False,98
273,star,98,97,0,97,True,False,97
274,star,100,99,0,99,True,False,99
275,comb,94,93,0,93,True,False,93
276,star,90,89,0,89,True,False,89
277,branch,93,92,0,92,True,False,92
278,comb,90,89,0,89,True,False,89
279,branch,92,91,0,91,True,False,91
280,dendrimer,95,94,0,94,True,False,94
281,comb,96,95,0,95,True,False,95
282,dendrimer,91,90,0,90,True,False,90
283,star,100,99,0,99,True,False,99
284,dendrimer,99,98,0,98,True,False,98
285,branch,94,93,0,93,True,False,93
286,branch,97,96,0,96,True,False,96
287,branch,93,92,0,92,True,False,92
288,branch,90,89,0,89,True,False,89
289,comb,91,90,0,90,True,False,90
290,branch,92,91,0,91,True,False,91
291,comb,96,95,0,95,True,False,95
292,star,94,93,0,93,True,False,93
293,comb,90,89,0,89,True,False,89
294,star,92,91,0,91,True,False,91
295,comb,98,97,0,97,True,False,97
296,dendrimer,92,91,0,91,True,False,91
297,dendrimer,98,97,0,97,True,False,97
298,comb,90,89,0,89,True,False,89
299,star,90,89,0,89,True,False,89
300,branch,90,89,0,89,True,False,89
301,star,90,89,0,89,True,False,89
302,dendrimer,100,99,0,99,True,False,99
303,star,99,98,0,98,True,False,98
304,dendrimer,92,91,0,91,True,False,91
305,branch,90,89,0,89,True,False,89
306,star,95,94,0,1051,False,True,94
307,star,97,96,0,1422,False,True,96
308,branch,91,90,0,538,False,True,90
309,star,99,98,0,348,False,True,98
310,comb,95,94,0,355,False,True,94
311,dendrimer,90,89,0,305,False,True,89
312,comb,93,92,0,722,False,True,92
313,dendrimer,94,93,0,184,False,True,93
314,branch,95,94,0,1051,False,True,94
315,branch,97,96,0,231,False,True,96
316,star,98,97,0,346,False,True,97
317,dendrimer,97,96,0,786,False,True,96
318,star,93,92,0,1820,False,True,92
319,dendrimer,100,99,0,339,False,True,99
320,branch,99,98,0,728,False,True,98
321,star,100,99,0,424,False,True,99
322,dendrimer,100,99,0,214,False,True,99
323,star,96,95,0,953,False,True,95
324,comb,97,96,0,1149,False,True,96
325,branch,98,97,0,237,False,True,97
326,star,100,99,0,405,False,True,99
327,comb,92,91,0,376,False,True,91
328,star,95,94,0,229,False,True,94
329,branch,99,98,0,2144,False,True,98
330,dendrimer,100,99,0,459,False,True,99
331,branch,94,93,0,2040,False,True,93
332,dendrimer,90,89,0,434,False,True,89
333,dendrimer,90,89,0,194,False,True,89
334,branch,99,98,0,488,False,True,98
335,comb,90,89,0,239,False,True,89
336,star,96,95,0,260,False,True,95
337,comb,96,95,0,1008,False,True,95
338,branch,95,94,0,2016,False,True,94
339,comb,92,91,0,312,False,True,91
340,comb,94,93,0,543,False,True,93
341,branch,92,91,0,1041,False,True,91
342,comb,91,90,0,273,False,True,90
343,star,91,90,0,123,False,True,90
344,comb,98,97,0,880,False,True,97
345,comb,94,93,0,178,False,True,93
346,dendrimer,91,90,0,349,False,True,90
347,comb,100,99,0,1056,False,True,99
348,comb,93,92,0,365,False,True,92
349,star,99,98,0,1190,False,True,98
350,branch,99,98,0,348,False,True,98
351,branch,90,89,0,1013,False,True,89
352,dendrimer,93,92,0,972,False,True,92
353,branch,97,96,0,776,False,True,96
354,star,93,92,0,972,False,True,92
355,branch,99,98,0,173,False,True,98
356,branch,97,96,0,282,False,True,96
357,star,91,90,0,435,False,True,90
358,branch,93,92,0,428,False,True,92
359,comb,90,89,0,1664,False,True,89
360,comb,98,97,0,237,False,True,97
361,dendrimer,98,97,0,376,False,True,97
362,branch,98,97,0,2232,False,True,97
363,star,94,93,0,535,False,True,93
364,dendrimer,94,93,0,184,False,True,93
365,branch,92,91,0,897,False,True,91
366,branch,91,90,0,183,False,True,90
367,comb,99,98,0,800,False,True,98
368,comb,96,95,0,578,False,True,95
369,branch,97,96,0,1057,False,True,96
370,star,99,98,0,2268,False,True,98
371,branch,93,92,0,257,False,True,92
372,comb,94,93,0,730,False,True,93
373,dendrimer,92,91,0,341,False,True,91
374,branch,95,94,0,274,False,True,94
375,dendrimer,99,98,0,224,False,True,98
376,dendrimer,90,89,0,434,False,True,89
377,branch,96,95,0,662,False,True,95
378,star,97,96,0,271,False,True,96
379,comb,90,89,0,1400,False,True,89
380,star,99,98,0,488,False,True,98
381,comb,91,90,0,664,False,True,90
382,comb,98,97,0,781,False,True,97
383,comb,92,91,0,232,False,True,91
384,branch,95,94,0,319,False,True,94
385,dendrimer,93,92,0,116,False,True,92
386,dendrimer,96,95,0,295,False,True,95
387,star,91,90,0,376,False,True,90
388,dendrimer,91,90,0,1078,False,True,90
389,comb,95,94,0,124,False,True,94
390,star,96,95,0,953,False,True,95
391,dendrimer,96,95,0,578,False,True,95
392,star,92,91,0,97,False,False,91
393,dendrimer,100,99,0,1009,False,True,99
394,branch,97,96,0,276,False,True,96
395,comb,99,98,0,287,False,True,98
396,branch,91,90,0,335,False,True,90
397,star,94,93,0,499,False,True,93
398,star,99,98,0,890,False,True,98
399,dendrimer,94,93,0,1105,False,True,93
400,comb,98,97,0,594,False,True,97
401,dendrimer,90,89,0,209,False,True,89
402,star,98,97,0,317,False,True,97
403,branch,90,89,0,341,False,True,89
404,comb,95,94,0,567,False,True,94
405,branch,93,92,0,972,False,True,92
406,branch,99,98,0,558,False,True,98
407,dendrimer,93,92,0,347,False,True,92
408,branch,99,98,0,1073,False,True,98
409,star,91,90,0,612,False,True,90
410,branch,99,98,0,348,False,True,98
411,dendrimer,95,94,0,996,False,True,94
412,dendrimer,93,92,0,341,False,True,92
413,star,97,96,0,786,False,True,96
414,dendrimer,94,93,0,436,False,True,93
415,branch,90,89,0,1013,False,True,89
416,dendrimer,92,91,0,247,False,True,91
417,star,99,98,0,494,False,True,98
418,dendrimer,96,95,0,770,False,True,95
419,branch,100,99,0,1249,False,True,99
420,branch,90,89,0,399,False,True,89
421,star,90,89,0,1400,False,True,89
422,comb,99,98,0,224,False,True,98
423,star,98,97,0,468,False,True,97
424,comb,100,99,0,1824,False,True,99
425,star,94,93,0,1101,False,True,93
426,star,94,93,0,436,False,True,93
427,dendrimer,93,92,0,365,False,True,92
428,dendrimer,95,94,0,570,False,True,94
429,dendrimer,94,93,0,120,False,True,93
430,dendrimer,94,93,0,1093,False,True,93
431,dendrimer,91,90,0,298,False,True,90
432,dendrimer,97,96,0,2196,False,True,96
433,branch,93,92,0,239,False,True,92
434,star,91,90,0,273,False,True,90
435,comb,96,95,0,515,False,True,95
436,star,92,91,0,363,False,True,91
437,comb,99,98,0,2144,False,True,98
438,star,90,89,0,164,False,True,89
439,branch,92,91,0,686,False,True,91
440,dendrimer,95,94,0,696,False,True,94
441,comb,98,97,0,396,False,True,97
442,dendrimer,99,98,0,170,False,True,98
443,dendrimer,91,90,0,376,False,True,90
444,star,97,96,0,1752,False,True,96
445,star,92,91,0,424,False,True,91
446,comb,93,92,0,617,False,True,92
447,branch,95,94,0,710,False,True,94
448,star,95,94,0,429,False,True,94
449,comb,91,90,0,662,False,True,90
450,dendrimer,99,98,0,313,False,True,98
451,dendrimer,94,93,0,120,False,True,93
452,dendrimer,96,95,0,578,False,True,95
453,dendrimer,94,93,0,535,False,True,93
454,comb,97,96,0,474,False,True,96
455,comb,94,93,0,642,False,True,93
456,star,91,90,0,1938,False,True,90
457,dendrimer,95,94,0,464,False,True,94
458,comb,91,90,0,552,False,True,90
459,comb,91,90,0,865,False,True,90
460,star,99,98,0,453,False,True,98
461,star,100,99,0,341,False,True,99
462,comb,90,89,0,1001,False,True,89
463,branch,92,91,0,1920,False,True,91
464,dendrimer,90,89,0,149,False,True,89
465,comb,93,92,0,434,False,True,92
466,branch,96,95,0,953,False,True,95
467,branch,91,90,0,688,False,True,90
468,dendrimer,98,97,0,880,False,True,97
469,branch,93,92,0,116,False,True,92
470,dendrimer,100,99,0,494,False,True,99
471,star,99,98,0,1225,False,True,98
472,branch,94,93,0,345,False,True,93
473,comb,95,94,0,319,False,True,94
474,comb,93,92,0,341,False,True,92
475,star,98,97,0,237,False,True,97
476,dendrimer,91,90,0,1980,False,True,90
477,dendrimer,100,99,0,169,False,True,99
478,branch,90,89,0,209,False,True,89
479,star,95,94,0,1101,False,True,94
480,comb,94,93,0,1480,False,True,93
481,comb,98,97,0,682,False,True,97
482,star,95,94,0,2124,False,True,94
483,dendrimer,93,92,0,296,False,True,92
484,dendrimer,96,95,0,389,False,True,95
485,branch,91,90,0,298,False,True,90
486,branch,95,94,0,274,False,True,94
487,comb,98,97,0,167,False,True,97
488,star,95,94,0,570,False,True,94
489,star,98,97,0,1176,False,True,97
490,dendrimer,98,97,0,272,False,True,97
491,star,98,97,0,396,False,True,97
492,comb,92,91,0,1632,False,True,91
493,dendrimer,99,98,0,313,False,True,98
494,branch,100,99,0,421,False,True,99
495,comb,91,90,0,223,False,True,90
496,comb,100,99,0,750,False,True,99
497,comb,96,95,0,578,False,True,95
498,star,90,89,0,503,False,True,89
499,dendrimer,98,97,0,376,False,True,97
500,star,99,98,0,453,False,True,98
501,branch,99,98,0,313,False,True,98
502,comb,100,99,0,1249,False,True,99
503,comb,95,94,0,549,False,True,94
504,branch,99,98,0,350,False,True,98
505,dendrimer,92,91,0,817,False,True,91
506,branch,97,96,0,161,False,True,96
507,comb,93,92,0,137,False,True,92
508,star,90,89,0,259,False,True,89
509,branch,96,95,0,515,False,True,95
510,branch,99,98,0,278,False,True,98
511,linear,91,90,0,2014,False,True,90
512,branch,96,95,0,263,False,True,95
513,branch,97,96,0,2242,False,True,96
514,comb,93,92,0,467,False,True,92
515,star,91,90,0,349,False,True,90
516,branch,98,97,0,471,False,True,97
517,branch,100,99,0,341,False,True,99
518,branch,90,89,0,800,False,True,89
519,star,98,97,0,385,False,True,97
520,branch,97,96,0,2242,False,True,96
521,star,96,95,0,578,False,True,95
522,star,95,94,0,424,False,True,94
523,dendrimer,98,97,0,317,False,True,97
524,dendrimer,96,95,0,662,False,True,95
525,dendrimer,95,94,0,244,False,True,94
526,star,93,92,0,972,False,True,92
527,branch,93,92,0,1820,False,True,92
528,branch,94,93,0,1065,False,True,93
529,comb,97,96,0,406,False,True,96
530,branch,94,93,0,528,False,True,93
531,branch,99,98,0,313,False,True,98
532,dendrimer,90,89,0,1013,False,True,89
533,dendrimer,91,90,0,1021,False,True,90
534,dendrimer,96,95,0,293,False,True,95
535,dendrimer,95,94,0,289,False,True,94
536,comb,95,94,0,2124,False,True,94
537,dendrimer,93,92,0,972,False,True,92
538,comb,97,96,0,162,False,True,96
539,branch,100,99,0,295,False,True,99
540,branch,98,97,0,1176,False,True,97
541,dendrimer,91,90,0,513,False,True,90
542,comb,99,98,0,230,False,True,98
543,branch,98,97,0,682,False,True,97
544,dendrimer,95,94,0,1129,False,True,94
545,dendrimer,95,94,0,996,False,True,94
546,comb,92,91,0,307,False,True,91
547,star,99,98,0,782,False,True,98
548,branch,93,92,0,632,False,True,92
549,star,91,90,0,1033,False,True,90
550,dendrimer,91,90,0,1021,False,True,90
551,branch,98,97,0,2232,False,True,97
552,comb,99,98,0,615,False,True,98
553,dendrimer,93,92,0,434,False,True,92
554,dendrimer,97,96,0,1149,False,True,96
555,dendrimer,93,92,0,680,False,True,92
556,branch,97,96,0,2142,False,True,96
557,comb,90,89,0,701,False,True,89
558,comb,90,89,0,259,False,True,89
559,dendrimer,100,99,0,750,False,True,99
560,comb,95,94,0,696,False,True,94
561,dendrimer,91,90,0,513,False,True,90
562,branch,92,91,0,357,False,True,91
563,comb,96,95,0,1081,False,True,95
564,branch,93,92,0,632,False,True,92
565,star,93,92,0,326,False,True,92
566,dendrimer,91,90,0,223,False,True,90
567,branch,91,90,0,1938,False,True,90
568,dendrimer,100,99,0,249,False,True,99
569,comb,90,89,0,434,False,True,89
570,branch,96,95,0,435,False,True,95
571,comb,96,95,0,1081,False,True,95
572,branch,94,93,0,345,False,True,93
573,comb,96,95,0,1081,False,True,95
574,branch,92,91,0,481,False,True,91
575,comb,91,90,0,376,False,True,90
576,star,99,98,0,278,False,True,98
577,comb,96,95,0,1081,False,True,95
578,comb,92,91,0,97,False,False,91
579,comb,98,97,0,166,False,True,97
580,comb,98,97,0,307,False,True,97
581,comb,97,96,0,276,False,True,96
582,dendrimer,95,94,0,1876,False,True,94
583,branch,98,97,0,376,False,True,97
584,branch,98,97,0,802,False,True,97
585,star,91,90,0,1021,False,True,90
586,star,96,95,0,293,False,True,95
587,comb,92,91,0,1332,False,True,91
588,comb,91,90,0,668,False,True,90
589,comb,98,97,0,166,False,True,97
590,dendrimer,99,98,0,224,False,True,98
591,branch,93,92,0,434,False,True,92
592,branch,90,89,0,209,False,True,89
593,star,90,89,0,259,False,True,89
594,star,95,94,0,1129,False,True,94
595,dendrimer,90,89,0,1064,False,True,89
596,branch,94,93,0,1081,False,True,93
597,dendrimer,100,99,0,2304,False,True,99
598,branch,100,99,0,324,False,True,99
599,branch,95,94,0,754,False,True,94
600,branch,97,96,0,1171,False,True,96
601,dendrimer,93,92,0,302,False,True,92
602,star,98,97,0,447,False,True,97
603,comb,95,94,0,1101,False,True,94
604,branch,94,93,0,2040,False,True,93
605,star,98,97,0,468,False,True,97
606,comb,96,95,0,263,False,True,95
607,dendrimer,94,93,0,423,False,True,93
608,cyclic,94,93,0,1021,False,True,93
609,comb,95,94,0,1129,False,True,94
610,linear,93,92,0,522,False,True,92
611,dendrimer,93,92,0,731,False,True,92
612,comb,92,91,0,420,False,True,91
613,comb,93,92,0,704,False,True,92
614,branch,90,89,0,953,False,True,89
615,dendrimer,97,96,0,474,False,True,96
616,star,97,96,0,375,False,True,96
617,branch,99,98,0,278,False,True,98
618,branch,94,93,0,388,False,True,93
619,branch,99,98,0,1190,False,True,98
620,star,91,90,0,538,False,True,90
621,star,99,98,0,230,False,True,98
622,dendrimer,100,99,0,174,False,True,99
623,comb,94,93,0,436,False,True,93
624,branch,93,92,0,487,False,True,92
625,dendrimer,91,90,0,1078,False,True,90
626,star,92,91,0,1332,False,True,91
627,comb,95,94,0,274,False,True,94
628,star,92,91,0,820,False,True,91
629,dendrimer,92,91,0,172,False,True,91
630,dendrimer,100,99,0,174,False,True,99
631,star,92,91,0,1632,False,True,91
632,star,99,98,0,1223,False,True,98
633,star,98,97,0,256,False,True,97
634,dendrimer,99,98,0,1694,False,True,98
635,comb,94,93,0,315,False,True,93
636,star,95,94,0,1216,False,True,94
637,star,91,90,0,5266,False,True,90
638,star,90,89,0,2697,False,True,89
639,comb,98,97,0,2860,False,True,97
640,star,92,91,0,1203,False,True,91
641,comb,97,96,0,1050,False,True,96
642,star,93,92,0,2283,False,True,92
643,dendrimer,93,92,0,704,False,True,92
644,dendrimer,95,94,0,1216,False,True,94
645,dendrimer,90,89,0,1574,False,True,89
646,comb,95,94,0,6205,False,True,94
647,branch,98,97,0,2413,False,True,97
648,dendrimer,96,95,0,3338,False,True,95
649,star,92,91,0,6205,False,True,91
650,branch,97,96,0,1482,False,True,96
651,star,96,95,0,4106,False,True,95
652,comb,91,90,0,1553,False,True,90
653,comb,91,90,0,2876,False,True,90
654,comb,100,99,0,1437,False,True,99
655,star,95,94,0,1378,False,True,94
656,star,97,96,0,1677,False,True,96
657,comb,90,89,0,2843,False,True,89
658,branch,93,92,0,2350,False,True,92
659,comb,93,92,0,2972,False,True,92
660,star,96,95,0,5336,False,True,95
661,comb,93,92,0,4136,False,True,92
662,comb,100,99,0,2379,False,True,99
663,dendrimer,92,91,0,2891,False,True,91
664,branch,94,93,0,2169,False,True,93
665,star,91,90,0,5893,False,True,90
666,dendrimer,95,94,0,2552,False,True,94
667,dendrimer,95,94,0,1364,False,True,94
668,dendrimer,99,98,0,6206,False,True,98
669,comb,99,98,0,2452,False,True,98
670,comb,93,92,0,600,False,True,92
671,dendrimer,99,98,0,1992,False,True,98
672,dendrimer,100,99,0,3076,False,True,99
673,star,93,92,0,3179,False,True,92
674,dendrimer,97,96,0,802,False,True,96
675,dendrimer,91,90,0,5307,False,True,90
676,star,96,95,0,775,False,True,95
677,star,99,98,0,1898,False,True,98
678,star,97,96,0,6351,False,True,96
679,comb,95,94,0,1868,False,True,94
680,comb,100,99,0,5527,False,True,99
681,dendrimer,98,97,0,2860,False,True,97
682,star,98,97,0,1969,False,True,97
683,star,91,90,0,4317,False,True,90
684,dendrimer,92,91,0,2139,False,True,91
685,star,91,90,0,4317,False,True,90
686,star,98,97,0,993,False,True,97
687,star,99,98,0,3272,False,True,98
688,branch,91,90,0,1021,False,True,90
689,branch,98,97,0,2195,False,True,97
690,star,94,93,0,3633,False,True,93
691,branch,95,94,0,1378,False,True,94
692,star,100,99,0,7209,False,True,99
693,star,96,95,0,3239,False,True,95
694,comb,91,90,0,1930,False,True,90
695,comb,93,92,0,704,False,True,92
696,dendrimer,98,97,0,3812,False,True,97
697,comb,100,99,0,1859,False,True,99
698,comb,95,94,0,2180,False,True,94
699,star,93,92,0,4577,False,True,92
700,dendrimer,92,91,0,1483,False,True,91
701,star,93,92,0,2582,False,True,92
702,comb,95,94,0,464,False,True,94
703,dendrimer,98,97,0,2077,False,True,97
704,comb,92,91,0,3166,False,True,91
705,comb,93,92,0,3593,False,True,92
706,comb,100,99,0,667,False,True,99
707,branch,92,91,0,2891,False,True,91
708,dendrimer,92,91,0,3878,False,True,91
709,star,93,92,0,1520,False,True,92
710,comb,92,91,0,3907,False,True,91
711,dendrimer,91,90,0,5893,False,True,90
712,branch,100,99,0,4875,False,True,99
713,star,90,89,0,4881,False,True,89
714,branch,91,90,0,2510,False,True,90
715,branch,92,91,0,4402,False,True,91
716,dendrimer,91,90,0,608,False,True,90
717,star,95,94,0,2533,False,True,94
718,star,96,95,0,915,False,True,95
719,dendrimer,100,99,0,5295,False,True,99
720,comb,98,97,0,1057,False,True,97
721,star,91,90,0,2876,False,True,90
722,branch,93,92,0,4577,False,True,92
723,branch,92,91,0,331,False,True,91
724,dendrimer,100,99,0,3979,False,True,99
725,dendrimer,95,94,0,824,False,True,94
726,star,98,97,0,1117,False,True,97
727,comb,91,90,0,3115,False,True,90
728,dendrimer,90,89,0,3041,False,True,89
729,dendrimer,95,94,0,5896,False,True,94
730,star,98,97,0,2008,False,True,97
731,dendrimer,100,99,0,2971,False,True,99
732,branch,98,97,0,2582,False,True,97
733,comb,98,97,0,837,False,True,97
734,star,92,91,0,1563,False,True,91
735,comb,91,90,0,1826,False,True,90
736,dendrimer,91,90,0,4317,False,True,90
737,star,97,96,0,5163,False,True,96
738,comb,94,93,0,2487,False,True,93
739,dendrimer,93,92,0,3935,False,True,92
740,star,97,96,0,3192,False,True,96
741,dendrimer,98,97,0,2860,False,True,97
742,dendrimer,92,91,0,5125,False,True,91
743,comb,90,89,0,5525,False,True,89
744,branch,98,97,0,2413,False,True,97
745,star,96,95,0,2588,False,True,95
746,dendrimer,98,97,0,1969,False,True,97
747,comb,94,93,0,2633,False,True,93
748,branch,95,94,0,2746,False,True,94
749,star,91,90,0,2526,False,True,90
750,comb,99,98,0,2426,False,True,98
751,comb,100,99,0,4149,False,True,99
752,star,92,91,0,3907,False,True,91
753,branch,100,99,0,667,False,True,99
754,star,91,90,0,2715,False,True,90
755,star,98,97,0,3163,False,True,97
756,dendrimer,92,91,0,2581,False,True,91
757,branch,96,95,0,2588,False,True,95
758,branch,95,94,0,1868,False,True,94
759,branch,91,90,0,4746,False,True,90
760,star,100,99,0,5337,False,True,99
761,comb,98,97,0,565,False,True,97
762,branch,99,98,0,1822,False,True,98
763,cyclic,92,91,0,679,False,True,91
764,branch,93,92,0,2606,False,True,92
765,comb,91,90,0,794,False,True,90
766,star,93,92,0,3179,False,True,92
767,dendrimer,94,93,0,2755,False,True,93
768,dendrimer,97,96,0,417,False,True,96
769,star,93,92,0,2972,False,True,92
770,branch,96,95,0,1527,False,True,95
771,branch,96,95,0,5336,False,True,95
772,comb,92,91,0,1747,False,True,91
773,comb,96,95,0,6278,False,True,95
774,comb,90,89,0,701,False,True,89
775,comb,99,98,0,1216,False,True,98
776,dendrimer,96,95,0,915,False,True,95
777,dendrimer,100,99,0,4279,False,True,99
778,dendrimer,98,97,0,1565,False,True,97
779,comb,97,96,0,5694,False,True,96
780,cyclic,100,99,0,2952,False,True,99
781,dendrimer,97,96,0,5110,False,True,96
782,dendrimer,97,96,0,2448,False,True,96
783,dendrimer,98,97,0,6992,False,True,97
784,comb,97,96,0,1810,False,True,96
785,comb,98,97,0,565,False,True,97
786,branch,93,92,0,758,False,True,92
787,star,91,90,0,1930,False,True,90
788,star,100,99,0,1719,False,True,99
789,branch,99,98,0,3822,False,True,98
790,comb,92,91,0,3043,False,True,91
791,branch,90,89,0,4292,False,True,89
792,branch,91,90,0,786,False,True,90
793,star,100,99,0,735,False,True,99
794,dendrimer,95,94,0,4699,False,True,94
795,branch,96,95,0,911,False,True,95
796,comb,98,97,0,2302,False,True,97
797,dendrimer,94,93,0,2377,False,True,93
798,star,99,98,0,1723,False,True,98
799,star,93,92,0,1390,False,True,92
800,star,91,90,0,2876,False,True,90
801,comb,92,91,0,2747,False,True,91
802,dendrimer,91,90,0,5307,False,True,90
803,dendrimer,91,90,0,608,False,True,90
804,branch,95,94,0,4816,False,True,94
805,branch,94,93,0,2154,False,True,93
806,star,99,98,0,1598,False,True,98
807,comb,92,91,0,4402,False,True,91
808,dendrimer,90,89,0,5525,False,True,89
809,dendrimer,95,94,0,1378,False,True,94
810,star,90,89,0,2349,False,True,89
811,comb,92,91,0,387,False,True,91
812,star,98,97,0,2582,False,True,97
813,dendrimer,93,92,0,2110,False,True,92
814,comb,100,99,0,4259,False,True,99
815,branch,100,99,0,2879,False,True,99
816,comb,95,94,0,3153,False,True,94
817,star,95,94,0,3454,False,True,94
818,star,90,89,0,2369,False,True,89
819,comb,92,91,0,679,False,True,91
820,branch,93,92,0,3593,False,True,92
821,branch,97,96,0,1026,False,True,96
822,comb,91,90,0,4746,False,True,90
823,comb,91,90,0,5610,False,True,90
824,dendrimer,94,93,0,1729,False,True,93
825,branch,90,89,0,701,False,True,89
826,comb,100,99,0,3435,False,True,99
827,dendrimer,97,96,0,1810,False,True,96
828,comb,95,94,0,2076,False,True,94
829,comb,94,93,0,893,False,True,93
830,star,90,89,0,981,False,True,89
831,dendrimer,93,92,0,4577,False,True,92
832,star,90,89,0,1891,False,True,89
833,comb,100,99,0,7209,False,True,99
834,branch,95,94,0,4699,False,True,94
835,comb,97,96,0,1810,False,True,96
836,cyclic,99,98,0,2426,False,True,98
837,star,93,92,0,1502,False,True,92
838,comb,90,89,0,1389,False,True,89
839,star,90,89,0,641,False,True,89
840,comb,92,91,0,931,False,True,91
841,branch,92,91,0,411,False,True,91
842,comb,94,93,0,1860,False,True,93
843,star,94,93,0,2755,False,True,93
844,star,92,91,0,1655,False,True,91
845,branch,95,94,0,2194,False,True,94
846,comb,91,90,0,936,False,True,90
847,branch,91,90,0,3090,False,True,90
848,branch,97,96,0,796,False,True,96
849,dendrimer,99,98,0,1898,False,True,98
850,branch,97,96,0,840,False,True,96
851,star,96,95,0,911,False,True,95
852,dendrimer,94,93,0,5913,False,True,93
853,comb,93,92,0,2116,False,True,92
854,comb,91,90,0,3090,False,True,90
855,dendrimer,93,92,0,758,False,True,92
856,branch,98,97,0,1293,False,True,97
857,comb,98,97,0,837,False,True,97
858,cyclic,92,91,0,3878,False,True,91
859,linear,94,93,0,3268,False,True,93
860,dendrimer,91,90,0,4317,False,True,90
861,dendrimer,96,95,0,3338,False,True,95
862,dendrimer,90,89,0,1889,False,True,89
863,dendrimer,99,98,0,2562,False,True,98
864,cyclic,93,92,0,6177,False,True,92
865,dendrimer,97,96,0,1810,False,True,96
866,dendrimer,98,97,0,1969,False,True,97
867,dendrimer,93,92,0,2627,False,True,92
868,dendrimer,98,97,0,4075,False,True,97
869,branch,98,97,0,4165,False,True,97
870,dendrimer,95,94,0,3153,False,True,94
871,branch,91,90,0,4317,False,True,90
872,dendrimer,98,97,0,1438,False,True,97
873,dendrimer,100,99,0,1495,False,True,99
874,linear,91,90,0,5610,False,True,90
875,dendrimer,91,90,0,2156,False,True,90
876,branch,98,97,0,3301,False,True,97
877,branch,100,99,0,2879,False,True,99
878,branch,99,98,0,2210,False,True,98
879,dendrimer,92,91,0,5125,False,True,91
880,branch,93,92,0,4929,False,True,92
881,dendrimer,100,99,0,1500,False,True,99
882,dendrimer,98,97,0,4027,False,True,97
883,dendrimer,95,94,0,1664,False,True,94
884,dendrimer,93,92,0,2627,False,True,92
885,star,96,95,0,3239,False,True,95
886,star,94,93,0,2157,False,True,93
887,branch,93,92,0,1390,False,True,92
888,star,100,99,0,1437,False,True,99
889,branch,95,94,0,5526,False,True,94
890,dendrimer,99,98,0,2584,False,True,98
891,star,100,99,0,3963,False,True,99
892,star,94,93,0,1860,False,True,93
893,comb,90,89,0,981,False,True,89
894,branch,96,95,0,6278,False,True,95
895,star,91,90,0,2156,False,True,90
896,branch,97,96,0,1730,False,True,96
897,star,97,96,0,1542,False,True,96
898,comb,98,97,0,4027,False,True,97
899,dendrimer,96,95,0,5495,False,True,95
900,comb,94,93,0,893,False,True,93
901,branch,92,91,0,3043,False,True,91
902,branch,100,99,0,2507,False,True,99
903,dendrimer,92,91,0,2891,False,True,91
904,comb,94,93,0,4737,False,True,93
905,star,97,96,0,1542,False,True,96
906,dendrimer,99,98,0,1598,False,True,98
907,comb,97,96,0,1542,False,True,96
908,dendrimer,93,92,0,4700,False,True,92
909,comb,96,95,0,915,False,True,95
910,branch,92,91,0,1655,False,True,91
911,dendrimer,97,96,0,1542,False,True,96
912,branch,92,91,0,331,False,True,91
913,branch,98,97,0,1285,False,True,97
914,dendrimer,97,96,0,2572,False,True,96
915,branch,95,94,0,824,False,True,94
916,dendrimer,99,98,0,3662,False,True,98
917,dendrimer,100,99,0,7209,False,True,99
918,comb,99,98,0,2798,False,True,98
919,branch,93,92,0,2627,False,True,92
920,branch,98,97,0,4075,False,True,97
921,comb,94,93,0,3121,False,True,93
922,comb,90,89,0,1979,False,True,89
923,branch,98,97,0,1285,False,True,97
924,branch,100,99,0,667,False,True,99
925,star,93,92,0,1390,False,True,92
926,branch,98,97,0,2582,False,True,97
927,branch,94,93,0,1860,False,True,93
928,dendrimer,99,98,0,2210,False,True,98
929,star,98,97,0,3826,False,True,97
930,star,95,94,0,2894,False,True,94
931,dendrimer,99,98,0,3089,False,True,98
932,dendrimer,97,96,0,4458,False,True,96
933,branch,100,99,0,1829,False,True,99
934,dendrimer,93,92,0,1970,False,True,92
935,comb,98,97,0,1576,False,True,97
936,comb,97,96,0,2970,False,True,96
937,dendrimer,93,92,0,2110,False,True,92
938,star,100,99,0,2379,False,True,99
939,star,91,90,0,2715,False,True,90
940,star,99,98,0,3290,False,True,98
941,branch,94,93,0,4393,False,True,93
942,star,91,90,0,1090,False,True,90
943,comb,99,98,0,2210,False,True,98
944,comb,92,91,0,6106,False,True,91
945,branch,99,98,0,3905,False,True,98
946,comb,91,90,0,2544,False,True,90
947,comb,93,92,0,2066,False,True,92
948,dendrimer,90,89,0,1065,False,True,89
949,comb,100,99,0,1719,False,True,99
950,branch,100,99,0,1167,False,True,99
951,star,92,91,0,1655,False,True,91
952,dendrimer,100,99,0,2757,False,True,99
953,comb,100,99,0,5527,False,True,99
954,branch,90,89,0,2697,False,True,89
955,dendrimer,98,97,0,3301,False,True,97
956,branch,93,92,0,1784,False,True,92
957,dendrimer,96,95,0,2588,False,True,95
958,star,92,91,0,5003,False,True,91
959,comb,100,99,0,5295,False,True,99
960,branch,94,93,0,3121,False,True,93
961,dendrimer,93,92,0,3593,False,True,92
962,star,94,93,0,5125,False,True,93
963,dendrimer,98,97,0,1785,False,True,97
964,star,93,92,0,1784,False,True,92
965,branch,100,99,0,3435,False,True,99
966,branch,100,100,0,99,True,False,99
967,star,90,90,0,89,True,False,89
968,dendrimer,91,91,0,90,True,False,90
969,branch,92,92,0,91,True,False,91
970,branch,93,93,0,92,True,False,92
971,dendrimer,94,94,0,93,True,False,93
972,star,95,95,0,94,True,False,94
973,dendrimer,96,96,0,95,True,False,95
974,dendrimer,97,97,0,96,True,False,96
975,branch,98,98,0,97,True,False,97
976,star,99,99,0,98,True,False,98
977,branch,100,99,0,99,True,False,99
978,dendrimer,100,99,0,99,True,False,99
979,comb,100,99,0,99,True,False,99
980,star,100,99,0,99,True,False,99
981,comb,100,99,0,99,True,False,99
982,comb,100,99,0,99,True,False,99
983,comb,100,99,0,99,True,False,99
984,dendrimer,100,99,0,99,True,False,99
985,comb,90,89,0,89,True,False,89
986,dendrimer,90,89,0,89,True,False,89
987,branch,90,89,0,89,True,False,89
988,dendrimer,90,89,0,89,True,False,89
989,dendrimer,90,89,0,89,True,False,89
990,branch,90,89,0,89,True,False,89
991,branch,90,89,0,89,True,False,89
992,branch,90,89,0,89,True,False,89
993,branch,90,89,0,89,True,False,89
994,star,91,90,0,90,True,False,90
995,branch,91,90,0,90,True,False,90
996,comb,91,90,0,90,True,False,90
997,dendrimer,91,90,0,90,True,False,90
998,star,91,90,0,90,True,False,90
999,dendrimer,91,90,0,90,True,False,90
1000,star,91,90,0,90,True,False,90
1001,dendrimer,91,90,0,90,True,False,90
1002,branch,91,90,0,90,True,False,90
1003,branch,92,91,0,91,True,False,91
1004,comb,92,91,0,91,True,False,91
1005,dendrimer,92,91,0,91,True,False,91
1006,dendrimer,92,91,0,91,True,False,91
1007,comb,92,91,0,91,True,False,91
1008,dendrimer,92,91,0,91,True,False,91
1009,star,92,91,0,91,True,False,91
1010,branch,92,91,0,91,True,False,91
1011,star,92,91,0,91,True,False,91
1012,branch,93,92,0,92,True,False,92
1013,star,93,92,0,92,True,False,92
1014,star,93,92,0,92,True,False,92
1015,comb,93,92,0,92,True,False,92
1016,comb,93,92,0,92,True,False,92
1017,branch,93,92,0,92,True,False,92
1018,comb,93,92,0,92,True,False,92
1019,comb,93,92,0,92,True,False,92
1020,comb,94,93,0,93,True,False,93
1021,comb,94,93,0,93,True,False,93
1022,branch,94,93,0,93,True,False,93
1023,dendrimer,94,93,0,93,True,False,93
1024,comb,94,93,0,93,True,False,93
1025,star,94,93,0,93,True,False,93
1026,comb,94,93,0,93,True,False,93
1027,branch,94,93,0,93,True,False,93
1028,comb,95,94,0,94,True,False,94
1029,branch,95,94,0,94,True,False,94
1030,star,95,94,0,94,True,False,94
1031,branch,95,94,0,94,True,False,94
1032,star,95,94,0,94,True,False,94
1033,star,95,94,0,94,True,False,94
1034,comb,95,94,0,94,True,False,94
1035,branch,95,94,0,94,True,False,94
1036,star,95,94,0,94,True,False,94
1037,branch,96,95,0,95,True,False,95
1038,star,96,95,0,95,True,False,95
1039,comb,96,95,0,95,True,False,95
1040,comb,96,95,0,95,True,False,95
1041,comb,96,95,0,95,True,False,95
1042,star,96,95,0,95,True,False,95
1043,star,96,95,0,95,True,False,95
1044,comb,96,95,0,95,True,False,95
1045,star,96,95,0,95,True,False,95
1046,comb,96,95,0,95,True,False,95
1047,comb,97,96,0,96,True,False,96
1048,comb,97,96,0,96,True,False,96
1049,comb,97,96,0,96,True,False,96
1050,comb,97,96,0,96,True,False,96
1051,star,97,96,0,96,True,False,96
1052,star,97,96,0,96,True,False,96
1053,star,97,96,0,96,True,False,96
1054,star,97,96,0,96,True,False,96
1055,star,98,97,0,97,True,False,97
1056,comb,98,97,0,97,True,False,97
1057,star,98,97,0,97,True,False,97
1058,star,98,97,0,97,True,False,97
1059,comb,98,97,0,97,True,False,97
1060,star,98,97,0,97,True,False,97
1061,star,98,97,0,97,True,False,97
1062,comb,98,97,0,97,True,False,97
1063,star,99,98,0,98,True,False,98
1064,star,99,98,0,98,True,False,98
1065,star,99,98,0,98,True,False,98
1066,star,99,98,0,98,True,False,98
1067,comb,99,98,0,98,True,False,98
1068,comb,99,98,0,98,True,False,98
1069,comb,100,99,0,99,True,False,99
1070,star,100,99,0,99,True,False,99
1071,comb,100,99,0,99,True,False,99
1072,comb,100,99,0,99,True,False,99
1073,comb,100,99,0,99,True,False,99
1074,branch,100,99,0,99,True,False,99
1075,star,100,99,0,99,True,False,99
1076,star,90,89,0,89,True,False,89
1077,branch,90,89,0,89,True,False,89
1078,star,90,89,0,89,True,False,89
1079,branch,90,89,0,89,True,False,89
1080,branch,90,89,0,89,True,False,89
1081,comb,91,90,0,90,True,False,90
1082,star,91,90,0,90,True,False,90
1083,dendrimer,91,90,0,90,True,False,90
1084,comb,91,90,0,90,True,False,90
1085,branch,91,90,0,90,True,False,90
1086,dendrimer,91,90,0,90,True,False,90
1087,comb,91,90,0,90,True,False,90
1088,dendrimer,91,90,0,90,True,False,90
1089,branch,91,90,0,90,True,False,90
1090,star,92,91,0,91,True,False,91
1091,branch,92,91,0,91,True,False,91
1092,star,92,91,0,91,True,False,91
1093,comb,92,91,0,91,True,False,91
1094,star,92,91,0,91,True,False,91
1095,branch,92,91,0,91,True,False,91
1096,cyclic,92,91,0,91,True,False,91
1097,branch,92,91,0,91,True,False,91
1098,linear,92,91,0,91,True,False,91
1099,branch,92,91,0,91,True,False,91
1100,branch,93,92,0,92,True,False,92
1101,comb,93,92,0,92,True,False,92
1102,branch,93,92,0,92,True,False,92
1103,dendrimer,93,92,0,92,True,False,92
1104,branch,93,92,0,92,True,False,92
1105,comb,93,92,0,92,True,False,92
1106,comb,93,92,0,92,True,False,92
1107,branch,93,92,0,92,True,False,92
1108,branch,93,92,0,92,True,False,92
1109,dendrimer,93,92,0,92,True,False,92
1110,comb,94,93,0,93,True,False,93
1111,dendrimer,94,93,0,93,True,False,93
1112,dendrimer,94,93,0,93,True,False,93
1113,star,94,93,0,93,True,False,93
1114,dendrimer,94,93,0,93,True,False,93
1115,branch,94,93,0,93,True,False,93
1116,star,94,93,0,93,True,False,93
1117,branch,95,94,0,94,True,False,94
1118,dendrimer,95,94,0,94,True,False,94
1119,branch,95,94,0,94,True,False,94
1120,star,95,94,0,94,True,False,94
1121,dendrimer,95,94,0,94,True,False,94
1122,dendrimer,95,94,0,94,True,False,94
1123,star,96,95,0,95,True,False,95
1124,comb,96,95,0,95,True,False,95
1125,branch,96,95,0,95,True,False,95
1126,dendrimer,96,95,0,95,True,False,95
1127,dendrimer,96,95,0,95,True,False,95
1128,star,96,95,0,95,True,False,95
1129,star,97,96,0,96,True,False,96
1130,star,97,96,0,96,True,False,96
1131,comb,97,96,0,96,True,False,96
1132,star,97,96,0,96,True,False,96
1133,dendrimer,97,96,0,96,True,False,96
1134,dendrimer,97,96,0,96,True,False,96
1135,branch,97,96,0,96,True,False,96
1136,star,98,97,0,97,True,False,97
1137,star,98,97,0,97,True,False,97
1138,comb,98,97,0,97,True,False,97
1139,star,98,97,0,97,True,False,97
1140,branch,98,97,0,97,True,False,97
1141,dendrimer,98,97,0,97,True,False,97
1142,dendrimer,98,97,0,97,True,False,97
1143,comb,99,98,0,98,True,False,98
1144,star,99,98,0,98,True,False,98
1145,dendrimer,99,98,0,98,True,False,98
1146,dendrimer,99,98,0,98,True,False,98
1147,dendrimer,99,98,0,98,True,False,98
1148,comb,99,98,0,98,True,False,98
1149,star,99,98,0,98,True,False,98
1150,branch,100,99,0,99,True,False,99
1151,dendrimer,100,99,0,99,True,False,99
1152,branch,90,89,0,89,True,False,89
1153,comb,90,89,0,89,True,False,89
1154,comb,90,89,0,89,True,False,89
1155,branch,90,89,0,89,True,False,89
1156,star,90,89,0,89,True,False,89
1157,dendrimer,90,89,0,89,True,False,89
1158,branch,91,90,0,90,True,False,90
1159,star,91,90,0,90,True,False,90
1160,dendrimer,91,90,0,90,True,False,90
1161,comb,91,90,0,90,True,False,90
1162,dendrimer,91,90,0,90,True,False,90
1163,dendrimer,91,90,0,90,True,False,90
1164,comb,91,90,0,90,True,False,90
1165,star,91,90,0,90,True,False,90
1166,branch,92,91,0,91,True,False,91
1167,dendrimer,92,91,0,91,True,False,91
1168,comb,93,92,0,92,True,False,92
1169,dendrimer,93,92,0,92,True,False,92
1170,comb,93,92,0,92,True,False,92
1171,comb,93,92,0,92,True,False,92
1172,branch,93,92,0,92,True,False,92
1173,comb,93,92,0,92,True,False,92
1174,branch,93,92,0,92,True,False,92
1175,branch,94,93,0,93,True,False,93
1176,star,94,93,0,93,True,False,93
1177,branch,94,93,0,93,True,False,93
1178,dendrimer,94,93,0,93,True,False,93
1179,star,95,94,0,94,True,False,94
1180,star,95,94,0,94,True,False,94
1181,star,95,94,0,94,True,False,94
1182,star,95,94,0,94,True,False,94
1183,branch,96,95,0,95,True,False,95
1184,dendrimer,96,95,0,95,True,False,95
1185,branch,96,95,0,95,True,False,95
1186,comb,96,95,0,95,True,False,95
1187,dendrimer,96,95,0,95,True,False,95
1188,dendrimer,97,96,0,96,True,False,96
1189,cyclic,97,96,0,96,True,False,96
1190,star,98,97,0,97,True,False,97
1191,comb,98,97,0,97,True,False,97
1192,branch,98,97,0,97,True,False,97
1193,dendrimer,98,97,0,97,True,False,97
1194,star,99,98,0,98,True,False,98
1195,comb,100,99,0,99,True,False,99
1196,dendrimer,100,99,0,99,True,False,99
1197,branch,90,89,0,89,True,False,89
1198,star,91,90,0,90,True,False,90
1199,dendrimer,92,91,0,91,True,False,91
1200,dendrimer,93,92,0,92,True,False,92
1201,comb,93,92,0,92,True,False,92
1202,dendrimer,94,93,0,93,True,False,93
1203,comb,94,93,0,93,True,False,93
1204,linear,95,94,0,94,True,False,94
1205,dendrimer,97,96,0,96,True,False,96
1206,star,97,96,0,96,True,False,96
1207,dendrimer,98,97,0,97,True,False,97
1208,comb,98,97,0,97,True,False,97
1209,cyclic,99,98,0,98,True,False,98
1210,star,99,98,0,98,True,False,98
1211,comb,99,98,0,98,True,False,98
1212,branch,99,98,0,98,True,False,98
1213,star,100,99,0,99,True,False,99
1214,branch,100,99,0,99,True,False,99
1215,dendrimer,100,99,0,99,True,False,99
1216,star,90,89,0,89,True,False,89
1217,comb,90,89,0,89,True,False,89
1218,branch,90,89,0,89,True,False,89
1219,branch,90,89,0,89,True,False,89
1220,star,90,89,0,89,True,False,89
1221,branch,91,90,0,90,True,False,90
1222,branch,94,93,0,93,True,False,93
1223,branch,94,93,0,93,True,False,93
1224,dendrimer,94,93,0,93,True,False,93
1225,dendrimer,95,94,0,94,True,False,94
1226,dendrimer,95,94,0,94,True,False,94
1227,comb,95,94,0,94,True,False,94
1228,star,95,94,0,94,True,False,94
1229,dendrimer,96,95,0,95,True,False,95
1230,dendrimer,96,95,0,95,True,False,95
1231,dendrimer,96,95,0,95,True,False,95
1232,branch,96,95,0,95,True,False,95
1233,star,97,96,0,96,True,False,96
1234,branch,97,96,0,96,True,False,96
1235,dendrimer,97,96,0,96,True,False,96
1236,branch,98,97,0,97,True,False,97
1237,dendrimer,98,97,0,97,True,False,97
1238,dendrimer,98,97,0,97,True,False,97
1239,star,99,98,0,98,True,False,98
1240,comb,99,98,0,98,True,False,98
1241,star,99,98,0,98,True,False,98
1242,dendrimer,100,99,0,99,True,False,99
1243,dendrimer,100,99,0,99,True,False,99
1244,star,100,99,0,99,True,False,99
1245,dendrimer,100,99,0,99,True,False,99
1246,branch,100,99,0,99,True,False,99
1247,comb,100,99,0,99,True,False,99
1248,comb,100,99,0,99,True,False,99
1249,branch,100,99,0,99,True,False,99
1250,star,90,89,0,89,True,False,89
1251,dendrimer,90,89,0,89,True,False,89
1252,branch,90,89,0,89,True,False,89
1253,star,90,89,0,89,True,False,89
1254,comb,91,90,0,90,True,False,90
1255,dendrimer,91,90,0,90,True,False,90
1256,dendrimer,92,91,0,91,True,False,91
1257,star,92,91,0,91,True,False,91
1258,comb,92,91,0,91,True,False,91
1259,branch,92,91,0,91,True,False,91
1260,star,92,91,0,91,True,False,91
1261,comb,92,91,0,91,True,False,91
1262,comb,92,91,0,91,True,False,91
1263,star,92,91,0,91,True,False,91
1264,star,93,92,0,92,True,False,92
1265,comb,93,92,0,92,True,False,92
1266,star,93,92,0,92,True,False,92
1267,dendrimer,94,93,0,93,True,False,93
1268,branch,94,93,0,93,True,False,93
1269,comb,94,93,0,93,True,False,93
1270,branch,94,93,0,93,True,False,93
1271,dendrimer,94,93,0,93,True,False,93
1272,branch,94,93,0,93,True,False,93
1273,star,95,94,0,94,True,False,94
1274,branch,95,94,0,94,True,False,94
1275,star,95,94,0,94,True,False,94
1276,branch,95,94,0,94,True,False,94
1277,dendrimer,95,94,0,94,True,False,94
1278,star,95,94,0,94,True,False,94
1279,comb,96,95,0,95,True,False,95
1280,dendrimer,96,95,0,95,True,False,95
1281,comb,96,95,0,95,True,False,95
1282,star,96,95,0,95,True,False,95
1283,branch,96,95,0,95,True,False,95
1284,star,97,96,0,96,True,False,96
1285,branch,97,96,0,96,True,False,96
1286,dendrimer,97,96,0,96,True,False,96
1287,dendrimer,97,96,0,96,True,False,96
1288,dendrimer,97,96,0,96,True,False,96
1289,comb,97,96,0,96,True,False,96
1290,dendrimer,97,96,0,96,True,False,96
1291,star,97,96,0,96,True,False,96
1292,branch,98,97,0,97,True,False,97
1293,branch,98,97,0,97,True,False,97
1294,dendrimer,98,97,0,97,True,False,97
1295,comb,98,97,0,97,True,False,97
1296,dendrimer,98,97,0,97,True,False,97
1297,branch,98,97,0,97,True,False,97
1298,dendrimer,99,98,0,98,True,False,98
1299,star,99,98,0,98,True,False,98
1300,comb,99,98,0,98,True,False,98
1301,branch,99,98,0,98,True,False,98
1302,comb,99,98,0,98,True,False,98
1303,comb,99,98,0,98,True,False,98
1304,comb,99,98,0,98,True,False,98
1305,comb,99,98,0,98,True,False,98
1306,dendrimer,99,98,0,98,True,False,98
1307,comb,100,99,0,99,True,False,99
1308,comb,90,89,0,89,True,False,89
1309,branch,91,90,0,90,True,False,90
1310,branch,92,91,0,91,True,False,91
1311,comb,93,92,0,92,True,False,92
1312,star,94,93,0,93,True,False,93
1313,star,95,94,0,94,True,False,94
1314,branch,96,95,0,95,True,False,95
1315,comb,97,96,0,96,True,False,96
1316,comb,98,97,0,97,True,False,97
1317,comb,99,98,0,98,True,False,98
1318,branch,91,90,0,90,True,False,90
1319,star,100,99,0,99,True,False,99
1320,branch,97,96,0,96,True,False,96
1321,star,92,91,0,91,True,False,91
1322,branch,99,98,0,98,True,False,98
1323,star,91,90,0,90,True,False,90
1324,comb,97,96,0,96,True,False,96
1325,comb,91,90,0,90,True,False,90
1326,branch,96,95,0,95,True,False,95
1327,comb,91,90,0,90,True,False,90
1328,comb,94,93,0,93,True,False,93
1329,comb,97,96,0,96,True,False,96
1330,star,100,99,0,99,True,False,99
1331,star,93,92,0,92,True,False,92
1332,star,97,96,0,96,True,False,96
1333,comb,91,90,0,90,True,False,90
1334,star,96,95,0,95,True,False,95
1335,comb,91,90,0,90,True,False,90
1336,comb,97,96,0,96,True,False,96
1337,star,92,91,0,91,True,False,91
1338,comb,99,98,0,98,True,False,98
1339,comb,97,96,0,96,True,False,96
1340,star,91,90,0,90,True,False,90
1341,comb,100,99,0,99,True,False,99
